{
    "accuracy": 0.9296875,
    "precision": 0.9269432434176561,
    "recall": 0.9296875,
    "f1_score": 0.926134128563495
}
